frontend,frontend@GET@/start,frontend@GET@/start,4.066032778992544e-05
frontend,frontend@GET@/start,intercept,3.4030433032458354
c,c@POST@/spreadc,c@POST@/spreadc,0.00015890877600726726
c,c@POST@/spreadc,intercept,10.82984936104769
b,b@POST@/spreadb,b@POST@/spreadb,0.00015195814045976225
b,b@POST@/spreadb,intercept,11.074803770922896
a,a@POST@/spreada,a@POST@/spreada,0.00012665651251055852
a,a@POST@/spreada,intercept,14.363045485704339
d,d@POST@/spreadd,d@POST@/spreadd,1.1227340420679004e-05
d,d@POST@/spreadd,intercept,0.7157274909704687
